ID,Label,Price,Vendor ID
bdfa9ef2-7c77-480a-b6a1-d0f4c623f001,Hermine Red Bodycon Maxi Dress,"{'default': None, 'original': None, 'meta': {}}",7c9e130b-8920-4914-853e-64ee867bb3b4
56cd739e-072c-4f24-bead-28175cbf2b4a,Malea Wine Off-Shoulder Top CL,"{'default': None, 'original': None, 'meta': {}}",7c9e130b-8920-4914-853e-64ee867bb3b4
5a8c0213-98ea-45fb-bd4f-6de6a72aff80,Sydney Black Rhinestone Top,"{'default': None, 'original': None, 'meta': {}}",7c9e130b-8920-4914-853e-64ee867bb3b4
1716f3ab-4917-45bc-9c97-538d08791360,Electra Grey Plaid Tailored Corset Top,"{'default': None, 'original': None, 'meta': {}}",7c9e130b-8920-4914-853e-64ee867bb3b4
c775c2c9-35c4-4523-881b-ae9babd9f2a9,Kylie Gold Chainmail Halter Top,"{'default': None, 'original': None, 'meta': {}}",7c9e130b-8920-4914-853e-64ee867bb3b4
a7d1c262-c71d-438c-84d6-ec9c97f4407c,Patsy Floral Crop Top,"{'default': None, 'original': None, 'meta': {}}",7c9e130b-8920-4914-853e-64ee867bb3b4
82896355-9d28-4798-bfd0-922a71d8d0ea,Euphemie Beige Knit Embellished Top,"{'default': None, 'original': None, 'meta': {}}",7c9e130b-8920-4914-853e-64ee867bb3b4
5ba9a0cc-d5ad-4092-a360-f3a42357ba0c,Tyga Black Boatneck Longline Top,"{'default': None, 'original': None, 'meta': {}}",7c9e130b-8920-4914-853e-64ee867bb3b4
6bc8f035-ff69-4985-952b-0e7f438e3504,Huyen Sapphire Embroidered Cape Sleeve Jumpsuit,"{'default': None, 'original': None, 'meta': {}}",7c9e130b-8920-4914-853e-64ee867bb3b4
36aa74c2-8c8d-423b-97b5-68021487f588,Cos Pink Heart Print Ruffle Sleeve High Waist Bikini Set CL,"{'default': None, 'original': None, 'meta': {}}",7c9e130b-8920-4914-853e-64ee867bb3b4
6e7bc717-0250-4d3e-a2d1-b9badc518d2f,Ashlyn Blush Heart Embroidered Corset & Skirt Set CL,"{'default': None, 'original': None, 'meta': {}}",7c9e130b-8920-4914-853e-64ee867bb3b4
7fc84e02-2060-4528-bc47-589ab0f3afb1,Cordelia Orange Lace Sleeve Swimsuit,"{'default': None, 'original': None, 'meta': {}}",7c9e130b-8920-4914-853e-64ee867bb3b4
4e1dd8b3-da41-4d98-b462-6b064c75c320,Yoshi Black Embellished Jumpsuit,"{'default': None, 'original': None, 'meta': {}}",7c9e130b-8920-4914-853e-64ee867bb3b4
b155d7c9-d4e1-47ff-b1c9-d71705904522,Roxanne Black Lurex Cutout Jumpsuit,"{'default': None, 'original': None, 'meta': {}}",7c9e130b-8920-4914-853e-64ee867bb3b4
6d3e7fab-2896-4180-b9f1-88a7760f0da4,Cos Pink Heart Print Ruffle Sleeve High Waist Bikini Set,"{'default': None, 'original': None, 'meta': {}}",7c9e130b-8920-4914-853e-64ee867bb3b4
beee49cd-3014-4b47-8bcf-b6bb4da77578,Faro Blue Nylon Laser-Cut Asymmetrical Skirt,"{'default': None, 'original': None, 'meta': {}}",7c9e130b-8920-4914-853e-64ee867bb3b4
1b4c6d32-56da-4f20-8c90-4cdbb125a915,Eberta White Sheer 3D Flower Cover-up Dress CL,"{'default': None, 'original': None, 'meta': {}}",7c9e130b-8920-4914-853e-64ee867bb3b4
f20c1a0c-f3cf-4b0d-be25-7584bfcd35e8,Galia Hot Pink One-Shoulder Cutout Swimsuit,"{'default': None, 'original': None, 'meta': {}}",7c9e130b-8920-4914-853e-64ee867bb3b4
7ebf6405-db42-471e-bbfb-d3c61ccee2e6,Maddy Purple Cutout Swim Skirt Set,"{'default': None, 'original': None, 'meta': {}}",7c9e130b-8920-4914-853e-64ee867bb3b4
456dd228-0fb9-4e4c-a90b-4d382328b1ce,Oceane Blue & White Print Cutout High Waist Bikini Set,"{'default': None, 'original': None, 'meta': {}}",7c9e130b-8920-4914-853e-64ee867bb3b4
0ea9b230-c0d9-4e21-8c1f-51700d6b5091,Romy Lavender Floral Print High Waist Bikini Set,"{'default': None, 'original': None, 'meta': {}}",7c9e130b-8920-4914-853e-64ee867bb3b4
a52d9bdf-40d2-4d95-9a9d-a970aa04e20c,Thalassa Purple Crochet Cover-Up Skirt,"{'default': None, 'original': None, 'meta': {}}",7c9e130b-8920-4914-853e-64ee867bb3b4
cefe9abe-ee0f-46be-9244-e301ae9f42f2,Astra Baby Pink Veil with Pearl Detailing,"{'default': None, 'original': None, 'meta': {}}",7c9e130b-8920-4914-853e-64ee867bb3b4
2c0d710f-cdd9-4901-99f7-dcaa17e1e780,Idika Pink Pearl Criss-Cross Cutout Gown,"{'default': None, 'original': None, 'meta': {}}",7c9e130b-8920-4914-853e-64ee867bb3b4
929d6aaf-a18f-4496-8f25-5a172a53582d,Amaranta Pink Ombre Satin Low Back Slip-Style Gown,"{'default': None, 'original': None, 'meta': {}}",7c9e130b-8920-4914-853e-64ee867bb3b4
4396542a-2ea4-46c8-a73b-f0f4670f9bb1,Ailani Baby Pink Embroidered Slit Gown,"{'default': None, 'original': None, 'meta': {}}",7c9e130b-8920-4914-853e-64ee867bb3b4
dac3c35f-be1c-49bd-8340-8581339371ee,Rosalba Mauve One shoulder Embellished Gown,"{'default': None, 'original': None, 'meta': {}}",7c9e130b-8920-4914-853e-64ee867bb3b4
32c610d6-6fbb-4fe0-97c7-8ae54c1624f3,Cecilia White Pearl Embroidered Corset Gown,"{'default': None, 'original': None, 'meta': {}}",7c9e130b-8920-4914-853e-64ee867bb3b4
5e883280-6b78-443b-9e80-14a15f9f6a82,Shion Black Embellished Rhinestone Gown,"{'default': None, 'original': None, 'meta': {}}",7c9e130b-8920-4914-853e-64ee867bb3b4
7b0ff55d-e1e3-414a-8e44-905e410fb4fc,Rain Mauve Rib Tank Top,"{'default': None, 'original': None, 'meta': {}}",7c9e130b-8920-4914-853e-64ee867bb3b4
96b2ddcb-994b-4b14-85cc-c0e847e0700c,Tessa Super Crop Eyelet Hoodie,"{'default': None, 'original': None, 'meta': {}}",7c9e130b-8920-4914-853e-64ee867bb3b4
7bdb1e52-8907-46f5-a87f-d446c9155f27,Madilyn Flowy Off-Shoulder Modal Rib Maxi Dress,"{'default': None, 'original': None, 'meta': {}}",7c9e130b-8920-4914-853e-64ee867bb3b4
5a0f52c5-7a93-4317-897f-ab698fcc5fb0,Galatea Sleek Pink Bodycon Dress,"{'default': None, 'original': None, 'meta': {}}",7c9e130b-8920-4914-853e-64ee867bb3b4
b58b859c-f0ae-45fb-b141-5cf9faf3f001,Paloma White Tie-up Midaxi Dress,"{'default': None, 'original': None, 'meta': {}}",7c9e130b-8920-4914-853e-64ee867bb3b4
73b04460-2e62-475f-8da5-ebf4677d0f6e,Elena White Rib Cutout Mini Dress,"{'default': None, 'original': None, 'meta': {}}",7c9e130b-8920-4914-853e-64ee867bb3b4
6f996e47-7095-4ec7-953f-4a101127004d,Arden Metallic White Active Wear Jumpsuit,"{'default': None, 'original': None, 'meta': {}}",7c9e130b-8920-4914-853e-64ee867bb3b4
300c5d7b-fcd6-44e8-a76b-7995c5bcc50e,Raegan Gold Asymmetric Bodysuit and White Pleated Maxi Skirt,"{'default': None, 'original': None, 'meta': {}}",7c9e130b-8920-4914-853e-64ee867bb3b4
4b6fc0db-8af3-4eac-8e84-01f3e28e9839,Lexie Lavender Rib Lounge Coord Set,"{'default': None, 'original': None, 'meta': {}}",7c9e130b-8920-4914-853e-64ee867bb3b4
957203ad-defd-4bea-98e9-e5099cc83744,Sasha Black Embroidered Corset Top,"{'default': None, 'original': None, 'meta': {}}",7c9e130b-8920-4914-853e-64ee867bb3b4
4aaf4322-e941-44df-b81b-57dde04f8135,Juniper Purple Glitter Button- Up Lounge Dress,"{'default': None, 'original': None, 'meta': {}}",7c9e130b-8920-4914-853e-64ee867bb3b4
0977f827-3bd3-458a-a94c-b47c26344b34,Athena Embroidered Bustier Corset Top,"{'default': None, 'original': None, 'meta': {}}",7c9e130b-8920-4914-853e-64ee867bb3b4
28a5325c-58cb-46ba-af34-96251dfab217,Thea Floral Puff Sleeve Bustier Corset,"{'default': None, 'original': None, 'meta': {}}",7c9e130b-8920-4914-853e-64ee867bb3b4
5751e73f-06db-4dd8-8dcd-7627e23c8275,Carson Mauve Blazer Pant,"{'default': None, 'original': None, 'meta': {}}",7c9e130b-8920-4914-853e-64ee867bb3b4
7431311b-5bc9-4f61-a76c-8267f173d42e,Tulip Taupe Modal Ruched Bodycon Maxi Dress,"{'default': None, 'original': None, 'meta': {}}",7c9e130b-8920-4914-853e-64ee867bb3b4
8e2b3b58-8cd3-4366-9d3a-2a4cf494a784,Tatiana Baby Blue Ruched Mesh Midi Corset Dress CL,"{'default': None, 'original': None, 'meta': {}}",7c9e130b-8920-4914-853e-64ee867bb3b4
f9d42ace-2907-4fea-9949-4645d94f2c6b,Sasha Yellow Embroidered Organza Sleeve Corset Top,"{'default': None, 'original': None, 'meta': {}}",7c9e130b-8920-4914-853e-64ee867bb3b4
b18417c4-040a-4cf3-b357-40ba69f579d4,Jules White Tie-Back Baby Tee,"{'default': None, 'original': None, 'meta': {}}",7c9e130b-8920-4914-853e-64ee867bb3b4
1c8f4eec-733f-480c-a15c-86adff60cc59,Raisa Black Lace Cami Crop Top with Crop Shurg,"{'default': None, 'original': None, 'meta': {}}",7c9e130b-8920-4914-853e-64ee867bb3b4
81602e21-ed61-45c4-835f-8dae2491d5e5,Claudia Terry Joggers,"{'default': None, 'original': None, 'meta': {}}",7c9e130b-8920-4914-853e-64ee867bb3b4
6d38bd19-a804-4e9d-81b0-ce036d3e9784,Martina Black Crystal Mesh Corset Jumpsuit,"{'default': None, 'original': None, 'meta': {}}",7c9e130b-8920-4914-853e-64ee867bb3b4
56db3cff-acfd-4e6c-9a14-c054eaf8a0ec,Stacy White Waffle Rib Lounge Set,"{'default': None, 'original': None, 'meta': {}}",7c9e130b-8920-4914-853e-64ee867bb3b4
09d26702-b7b4-459d-9f55-e329060e78e2,Carmen Black Crystal Mesh Crop Top,"{'default': None, 'original': None, 'meta': {}}",7c9e130b-8920-4914-853e-64ee867bb3b4
bd0e77c5-87ec-41d1-ad91-5b490ea236e6,Kendall Gold Chainmail One-Shoulder Backless Top,"{'default': None, 'original': None, 'meta': {}}",7c9e130b-8920-4914-853e-64ee867bb3b4
736f6712-66c4-4691-b817-b93a212454b4,Sharla White 3D Flowers Crop Top,"{'default': None, 'original': None, 'meta': {}}",7c9e130b-8920-4914-853e-64ee867bb3b4
67698814-71a0-41f9-b920-e52cb4a5e14e,Louise Yellow Puff Sleeve Crop Top,"{'default': None, 'original': None, 'meta': {}}",7c9e130b-8920-4914-853e-64ee867bb3b4
4ec91535-de41-4551-905f-ea1346a72a44,Darcy Butter Yellow Georgette Crop Top,"{'default': None, 'original': None, 'meta': {}}",7c9e130b-8920-4914-853e-64ee867bb3b4
8fe88514-315e-4537-8040-b55662beb86d,Myrtle White Puff Sleeves Corset Top,"{'default': None, 'original': None, 'meta': {}}",7c9e130b-8920-4914-853e-64ee867bb3b4
961e21d4-0d59-4ae8-a488-355b58fc2deb,Ruhiya White Embroidered Georgette Corset Top,"{'default': None, 'original': None, 'meta': {}}",7c9e130b-8920-4914-853e-64ee867bb3b4
514d56c4-a03a-48b7-bd86-b7ea1581db42,Bellita Seafoam Green Schiffli Top,"{'default': None, 'original': None, 'meta': {}}",7c9e130b-8920-4914-853e-64ee867bb3b4
f7f8c2e8-1879-4bc2-b0f4-a62810bcd771,Dovie White Schiffli Crop Top,"{'default': None, 'original': None, 'meta': {}}",7c9e130b-8920-4914-853e-64ee867bb3b4
366c3a61-4206-476f-aa3d-b0af9123278f,Aasiyah and Allami White 3-D Floral Sharara Set,"{'default': None, 'original': None, 'meta': {}}",7c9e130b-8920-4914-853e-64ee867bb3b4
e8e27868-d97e-4ff2-bdf5-9e800d1af570,Noir Black Floral Print Jacquard Corset Set,"{'default': None, 'original': None, 'meta': {}}",7c9e130b-8920-4914-853e-64ee867bb3b4
6ca3b9fd-4530-4943-8bee-fd06fb88959d,Gale Baby Pink Stretch Satin Corset Coord Set,"{'default': None, 'original': None, 'meta': {}}",7c9e130b-8920-4914-853e-64ee867bb3b4
9e087f07-0c19-4a5a-8608-2afb363d38cd,Renee Blue Feather Blazer Set,"{'default': None, 'original': None, 'meta': {}}",7c9e130b-8920-4914-853e-64ee867bb3b4
39d53b9c-fc55-4f78-806b-7662fcce08d2,Nadira White Pearl Hand-Embroidered Sharara Set,"{'default': None, 'original': None, 'meta': {}}",7c9e130b-8920-4914-853e-64ee867bb3b4
39953195-cd70-4cfb-9f99-cf0a552e6771,Anaisha Pink Ombre Embroidered Lehenga Set,"{'default': None, 'original': None, 'meta': {}}",7c9e130b-8920-4914-853e-64ee867bb3b4
31078d25-e3cd-42ac-95fe-b6335c65401d,Kimaya Sapphire Hand-Embroidered Lehenga Set,"{'default': None, 'original': None, 'meta': {}}",7c9e130b-8920-4914-853e-64ee867bb3b4
103df04a-5f04-4554-bd0d-81e59a9dd61c,Cassidy Black Corset Belt,"{'default': None, 'original': None, 'meta': {}}",7c9e130b-8920-4914-853e-64ee867bb3b4
7d30f5b0-34ce-4e3a-97b7-8b8dcb143602,Genevia Pink Cloud Print Bralette Set,"{'default': None, 'original': None, 'meta': {}}",7c9e130b-8920-4914-853e-64ee867bb3b4
61ab005b-58d8-419a-89e8-0412fb3474d9,Carina Black Textured Mesh Coord Set,"{'default': None, 'original': None, 'meta': {}}",7c9e130b-8920-4914-853e-64ee867bb3b4
787c55c5-0e8c-4509-bf0e-f9039fd6cad0,Antonina Mauve Heart Shape Corset and Skirt Set,"{'default': None, 'original': None, 'meta': {}}",7c9e130b-8920-4914-853e-64ee867bb3b4
a3950817-f8c5-45a3-beee-e01aa40880b5,Cocktail Party,"{'default': None, 'original': None, 'meta': {}}",7c9e130b-8920-4914-853e-64ee867bb3b4
61af2567-e268-42dd-b41f-3a0c8da5d07f,Tulum Orange Tie-Dye Cover-Up Coord Set,"{'default': None, 'original': None, 'meta': {}}",7c9e130b-8920-4914-853e-64ee867bb3b4
4c69f1a1-103e-4bb7-af06-8c8f0484a2dd,Ilona Blush Pink Embroidered Jumpsuit,"{'default': None, 'original': None, 'meta': {}}",7c9e130b-8920-4914-853e-64ee867bb3b4
7b7947ba-e64e-4477-9978-8fbba547d4f9,Cottage Core,"{'default': None, 'original': None, 'meta': {}}",7c9e130b-8920-4914-853e-64ee867bb3b4
7d1c78c1-3b5e-4d9a-8acc-8637606125a2,Naida Blush Hand Embroidered Corset Jumpsuit,"{'default': None, 'original': None, 'meta': {}}",7c9e130b-8920-4914-853e-64ee867bb3b4
ec86bead-7312-4b44-8530-7d34c52686dd,Leila Hand Embroidered Corset Blouse,"{'default': None, 'original': None, 'meta': {}}",7c9e130b-8920-4914-853e-64ee867bb3b4
99054227-2eac-4602-af97-6c430241cd27,Neisha Pearl Handmade Choker Neck Piece,"{'default': None, 'original': None, 'meta': {}}",7c9e130b-8920-4914-853e-64ee867bb3b4
618312b9-f043-4ffb-a067-877750a4f598,Capri Lavender Ruffled Cover-Up Skirt,"{'default': None, 'original': None, 'meta': {}}",7c9e130b-8920-4914-853e-64ee867bb3b4
79887878-3dbe-4464-a095-1467d4960313,Heer Mauve Ruffled Tulle Organza Saree,"{'default': None, 'original': None, 'meta': {}}",7c9e130b-8920-4914-853e-64ee867bb3b4
701772ab-4a11-490b-8df5-66f5260bd8e6,Eberta White Sheer 3D Flower Cover-up Dress,"{'default': None, 'original': None, 'meta': {}}",7c9e130b-8920-4914-853e-64ee867bb3b4
40da8afb-f4e9-406e-8676-c22fe64989cf,Bora Bora Pink Tie-Dye Ruched Cover- Up Skirt Set,"{'default': None, 'original': None, 'meta': {}}",7c9e130b-8920-4914-853e-64ee867bb3b4
ca88386a-15b6-4719-acfd-ceed25222327,Dory Blue Ruched Cross-Back Swimsuit,"{'default': None, 'original': None, 'meta': {}}",7c9e130b-8920-4914-853e-64ee867bb3b4
2ba19701-57cf-47a3-ab0b-62458ab2b66d,Coralie Pink Tie-Dye Ruched Low Back Swimsuit,"{'default': None, 'original': None, 'meta': {}}",7c9e130b-8920-4914-853e-64ee867bb3b4
8a7d758f-95cb-4251-8ee7-88591b11d660,Kehlani Orange Tie-Dye High Waist 2-piece Swim Suit,"{'default': None, 'original': None, 'meta': {}}",7c9e130b-8920-4914-853e-64ee867bb3b4
c6e872e2-3253-466f-aa33-5193eaf422ac,Havelok White Nylon Crochet Cover-Up Set,"{'default': None, 'original': None, 'meta': {}}",7c9e130b-8920-4914-853e-64ee867bb3b4
854b43c8-ee29-4ccd-aaf1-3edf8dc14b28,Gia Ruffle Organza Corset Gown,"{'default': None, 'original': None, 'meta': {}}",7c9e130b-8920-4914-853e-64ee867bb3b4
1272e1bc-6989-4ed4-9204-3e0d71983ca3,Ibiza Purple Ruffled Cover-Up Skirt,"{'default': None, 'original': None, 'meta': {}}",7c9e130b-8920-4914-853e-64ee867bb3b4
8bf96267-c188-49dc-a2d0-14fd85ce5cae,Mykonos Hot Pink Ruffle Cover-Up Maxi Skirt,"{'default': None, 'original': None, 'meta': {}}",7c9e130b-8920-4914-853e-64ee867bb3b4
6255773f-f219-405b-9c4b-8627cdae19fa,Mariela Pink Cherry Blossom Swim Skirt Set,"{'default': None, 'original': None, 'meta': {}}",7c9e130b-8920-4914-853e-64ee867bb3b4
dec3f668-32b2-480b-9a6f-5ea3805d2fb8,Nerida Ombre Underwire Cutout Back Swimsuit,"{'default': None, 'original': None, 'meta': {}}",7c9e130b-8920-4914-853e-64ee867bb3b4
a7077bc5-20a0-4a45-9f10-d972c5a54572,Portia Pink Embroidered Corset Gown,"{'default': None, 'original': None, 'meta': {}}",7c9e130b-8920-4914-853e-64ee867bb3b4
ab5b7f01-fa9e-4075-9d51-5f879dbd3fb4,Seraphina Vintage Rose Print Ruched High Waist Bikini Set,"{'default': None, 'original': None, 'meta': {}}",7c9e130b-8920-4914-853e-64ee867bb3b4
4326e4d4-8429-466c-b4b2-db845021471b,Faizah Grey Rhinestone Mesh One- Piece Saree Set,"{'default': None, 'original': None, 'meta': {}}",7c9e130b-8920-4914-853e-64ee867bb3b4
0cb1866e-1791-4c5c-813b-12a0049b73f7,Nyx Purple Ruched One-Shoulder Shaping Swimsuit,"{'default': None, 'original': None, 'meta': {}}",7c9e130b-8920-4914-853e-64ee867bb3b4
6cb936f3-710a-476e-8f3d-49b8a5a35a14,Seychelles Orange Lace Cover-Up Pants,"{'default': None, 'original': None, 'meta': {}}",7c9e130b-8920-4914-853e-64ee867bb3b4
2afce8c1-29c2-4e5d-bd09-b77897df1689,Clovia White Mesh Pearl Embroidered Gloves,"{'default': None, 'original': None, 'meta': {}}",7c9e130b-8920-4914-853e-64ee867bb3b4
1d4fa395-bd19-42d3-8869-82fe640c6c98,Audrey Purple Ruched Mesh Corset Dress,"{'default': None, 'original': None, 'meta': {}}",7c9e130b-8920-4914-853e-64ee867bb3b4
842d2780-1a15-4707-aa33-b0a5c90e5c22,Esmerelda Emerald Armani Satin Slip Gown,"{'default': None, 'original': None, 'meta': {}}",7c9e130b-8920-4914-853e-64ee867bb3b4
5dc0448f-553e-458c-97bd-b2494eaaba54,Shifaa Navy Blue Hand-Embroidered Shimmer Saree Gown,"{'default': None, 'original': None, 'meta': {}}",7c9e130b-8920-4914-853e-64ee867bb3b4
44d01836-7f5a-40bc-8b6e-30f5b6735aba,Koa Burgundy Shimmer Embroidered Slit Gown,"{'default': None, 'original': None, 'meta': {}}",7c9e130b-8920-4914-853e-64ee867bb3b4
7bf9fbb3-c3ff-49e6-8d17-381666f78608,Aurora Baby Blue Embroidered Multi-Way Gown,"{'default': None, 'original': None, 'meta': {}}",7c9e130b-8920-4914-853e-64ee867bb3b4
1c492a82-26cf-4ed0-bec3-ffc1c865d429,Lucia Hand-Embroidered Trumpet Corset Gown,"{'default': None, 'original': None, 'meta': {}}",7c9e130b-8920-4914-853e-64ee867bb3b4
298c9cac-a03a-4e9f-8a06-13604d981ad3,Serilda Floral Embroidery Halter Neck Gown,"{'default': None, 'original': None, 'meta': {}}",7c9e130b-8920-4914-853e-64ee867bb3b4
15e4c076-ae11-4e63-9898-458e0641ef24,Mayra Black Hand Embroidered Saree Gown,"{'default': None, 'original': None, 'meta': {}}",7c9e130b-8920-4914-853e-64ee867bb3b4
941794d3-644b-4174-9f0b-7319d13a23a9,Valentina Baby Pink Satin Corset Gown,"{'default': None, 'original': None, 'meta': {}}",7c9e130b-8920-4914-853e-64ee867bb3b4
2f25f44f-3079-4780-9241-3403418cf4db,Georgia Black Hand Embroidered Backless Gown,"{'default': None, 'original': None, 'meta': {}}",7c9e130b-8920-4914-853e-64ee867bb3b4
2bc66397-23dc-45c6-be23-c6f1c8cc0cd6,Celeste White Satin Corset Gown,"{'default': None, 'original': None, 'meta': {}}",7c9e130b-8920-4914-853e-64ee867bb3b4
7dc83f52-9fbc-4b84-9d15-54d3bede4520,Aalia Burgundy Wrap Pre-Stitched Saree,"{'default': None, 'original': None, 'meta': {}}",7c9e130b-8920-4914-853e-64ee867bb3b4
05c47222-12a3-4d2c-b098-726385ff1121,Tullia Baby Pink Ball Gown,"{'default': None, 'original': None, 'meta': {}}",7c9e130b-8920-4914-853e-64ee867bb3b4
6aae1ff3-7b97-465d-aa93-9da167107b52,Leya Ruffle Tulle Hand-Embroidered Corset Gown,"{'default': None, 'original': None, 'meta': {}}",7c9e130b-8920-4914-853e-64ee867bb3b4
c70e8c15-8284-42e0-a3c5-1e7f5166acf7,Celeste Black Satin Corset Gown,"{'default': None, 'original': None, 'meta': {}}",7c9e130b-8920-4914-853e-64ee867bb3b4
8a4cc87b-bf8c-4d65-b2a0-a1fdcdc5c08c,Mia Baby Pink Lurex Jacquard Corset Gown,"{'default': None, 'original': None, 'meta': {}}",7c9e130b-8920-4914-853e-64ee867bb3b4
006266dd-9dde-4dc0-8fc5-e70570d8f73b,Jane Baby Blue Satin Lounge Shorts Set,"{'default': None, 'original': None, 'meta': {}}",7c9e130b-8920-4914-853e-64ee867bb3b4
dd439649-dbc7-4e08-86fb-4e7125b659ac,Scarlet Red Satin Puff Sleeve Bustier Gown,"{'default': None, 'original': None, 'meta': {}}",7c9e130b-8920-4914-853e-64ee867bb3b4
8026be08-4ea1-4db6-afe6-ede77d136438,Lizette Glitter Cutout Midi Corset Dress,"{'default': None, 'original': None, 'meta': {}}",7c9e130b-8920-4914-853e-64ee867bb3b4
c8c04fa3-4690-4dd0-8083-1e7f9b8275ff,Riley Mauve Rib Cardigan,"{'default': None, 'original': None, 'meta': {}}",7c9e130b-8920-4914-853e-64ee867bb3b4
7705efe5-016b-4649-946f-9a295a82681a,Vanessa Rust Midaxi Bodycon Dress CL,"{'default': None, 'original': None, 'meta': {}}",7c9e130b-8920-4914-853e-64ee867bb3b4
16aa31e4-536c-470f-a269-c6210a7fa2bb,Christy Lavender Jogger,"{'default': None, 'original': None, 'meta': {}}",7c9e130b-8920-4914-853e-64ee867bb3b4
bd87a976-ba9a-4a7f-a701-25551b1d2afb,Brisa Camel Long Overcoat with Snap Button Detailing,"{'default': None, 'original': None, 'meta': {}}",7c9e130b-8920-4914-853e-64ee867bb3b4
503e138e-2a54-45e3-8bfc-eab15395cc4e,Paulette Crop Sweatshirt,"{'default': None, 'original': None, 'meta': {}}",7c9e130b-8920-4914-853e-64ee867bb3b4
32eb9c12-72c5-451c-97c7-a438ca7ac8e0,Miriam Purple Satin Slip Mini Dress Lounge Set,"{'default': None, 'original': None, 'meta': {}}",7c9e130b-8920-4914-853e-64ee867bb3b4
306a2202-5deb-4e0d-85ab-e9098bd22b0e,Ellie Purple Modal Cutout Maxi Bodycon Dress,"{'default': None, 'original': None, 'meta': {}}",7c9e130b-8920-4914-853e-64ee867bb3b4
c6fca45d-a0c3-4894-a192-c5f4b11f095e,Dorota Burgundy Button Detailing Lounge Set,"{'default': None, 'original': None, 'meta': {}}",7c9e130b-8920-4914-853e-64ee867bb3b4
a2686caf-0d28-4c87-8fe0-0371d534ad2c,Daphne White Arm Warmer Sweater,"{'default': None, 'original': None, 'meta': {}}",7c9e130b-8920-4914-853e-64ee867bb3b4
aa0b6357-b73a-4a03-ab1d-97b704a3a720,Paisley Sage Green Pushup Corset Lace Bodysuit,"{'default': None, 'original': None, 'meta': {}}",7c9e130b-8920-4914-853e-64ee867bb3b4
e6502b6a-2172-4f18-b696-00c6afed9593,Hera Blue Shimmer Ruffled Skirt,"{'default': None, 'original': None, 'meta': {}}",7c9e130b-8920-4914-853e-64ee867bb3b4
8ac49d03-2d50-4036-8489-76b93cfcfd1c,Astrid Blue & Black Lounge Set,"{'default': None, 'original': None, 'meta': {}}",7c9e130b-8920-4914-853e-64ee867bb3b4
2b56eb88-b82a-4af4-b3ae-29abe066ff6c,Hera Blue Printed Power Mesh Corset,"{'default': None, 'original': None, 'meta': {}}",7c9e130b-8920-4914-853e-64ee867bb3b4
7944c1de-ac37-492d-b510-6e116bb9f13a,Vanessa Rust Midaxi Bodycon Dress,"{'default': None, 'original': None, 'meta': {}}",7c9e130b-8920-4914-853e-64ee867bb3b4
d3dbae2b-0c0d-4006-a7cc-f64c49d5c076,Gianna Denim Embellished Corset + Jeans Set,"{'default': None, 'original': None, 'meta': {}}",7c9e130b-8920-4914-853e-64ee867bb3b4
2341b161-c94a-4ae3-a3dc-6753cadf9e98,Brielle Teddy Wide-Leg Pants,"{'default': None, 'original': None, 'meta': {}}",7c9e130b-8920-4914-853e-64ee867bb3b4
7f098a48-9435-4dcc-ad8c-cad5ec17d05c,Alessa White and Blue Print + Lace Coord Set,"{'default': None, 'original': None, 'meta': {}}",7c9e130b-8920-4914-853e-64ee867bb3b4
340707a7-9a47-4d60-ac57-134a5eea1c36,Iniya Emerald Scallop Satin Pre-Stitched Saree,"{'default': None, 'original': None, 'meta': {}}",7c9e130b-8920-4914-853e-64ee867bb3b4
4e78a506-1158-45d0-aa32-f3f5ebdce0cf,Brie Teddy Crop Top,"{'default': None, 'original': None, 'meta': {}}",7c9e130b-8920-4914-853e-64ee867bb3b4
3e840bf6-891f-420d-a4b4-f7c7a694afae,Cielo Black Lace Tanga Bottoms,"{'default': None, 'original': None, 'meta': {}}",7c9e130b-8920-4914-853e-64ee867bb3b4
06b492be-9a59-46a0-8765-903cb1c6286e,Lucinda Mauve Backless Bodysuit,"{'default': None, 'original': None, 'meta': {}}",7c9e130b-8920-4914-853e-64ee867bb3b4
d92b39ca-8255-430f-96eb-ca64cd83ac21,Cerise Blush Pink Lounge Set,"{'default': None, 'original': None, 'meta': {}}",7c9e130b-8920-4914-853e-64ee867bb3b4
ece7cd88-454e-4de9-8631-255dd0b7e15a,Yolanda White and Pink Rib + Faux Fur Lounge Set,"{'default': None, 'original': None, 'meta': {}}",7c9e130b-8920-4914-853e-64ee867bb3b4
f1360c8d-405a-4a80-b01c-6f532670f1c7,Octavia Pale Faux Fur Lounge Set,"{'default': None, 'original': None, 'meta': {}}",7c9e130b-8920-4914-853e-64ee867bb3b4
36076f4a-e350-48c1-826e-02b47e9850d6,Hannah Lavender Teddy Joggers,"{'default': None, 'original': None, 'meta': {}}",7c9e130b-8920-4914-853e-64ee867bb3b4
c6f516f3-75a8-42fe-8578-94fdc4513aef,Jordyn Blue Crystal Mesh Mini Skirt,"{'default': None, 'original': None, 'meta': {}}",7c9e130b-8920-4914-853e-64ee867bb3b4
20b0022f-d5e9-4174-b95f-b08646dd7dc1,Clara Rhinestone Light-Wash Jeans,"{'default': None, 'original': None, 'meta': {}}",7c9e130b-8920-4914-853e-64ee867bb3b4
6c31c4f8-62a5-412e-aa47-0a4a1de7b6f6,Chandni White Hand Embroidered Coord Set,"{'default': None, 'original': None, 'meta': {}}",7c9e130b-8920-4914-853e-64ee867bb3b4
0f63f6d1-9a2f-4459-8d1e-2ba7a1122821,Josephina Floral Printed Linen Coord Set,"{'default': None, 'original': None, 'meta': {}}",7c9e130b-8920-4914-853e-64ee867bb3b4
328e3cb1-3fa3-448f-b9b7-b2e821e59101,Frida Ruched Midi Skirt,"{'default': None, 'original': None, 'meta': {}}",7c9e130b-8920-4914-853e-64ee867bb3b4
21312bd2-54cc-4d6d-af4f-583bc71f76bb,Demi Black Faux Leather Skirt,"{'default': None, 'original': None, 'meta': {}}",7c9e130b-8920-4914-853e-64ee867bb3b4
215daa5b-8959-42b4-9fc2-1c5076593701,Valeria Red Heart and Rhinestone Corset Set,"{'default': None, 'original': None, 'meta': {}}",7c9e130b-8920-4914-853e-64ee867bb3b4
844cdf10-2361-4e0e-b50f-7ff577cdec50,Irene High Waist Rhinestone Jeans,"{'default': None, 'original': None, 'meta': {}}",7c9e130b-8920-4914-853e-64ee867bb3b4
245cea3f-44c2-47c5-952e-9afd6b3acb40,Frederique Black Rhinestone Corset Bow Set,"{'default': None, 'original': None, 'meta': {}}",7c9e130b-8920-4914-853e-64ee867bb3b4
d0e96750-78e2-4a80-a976-7b219aaa1174,Ava Wide Leg High Waist Jeans,"{'default': None, 'original': None, 'meta': {}}",7c9e130b-8920-4914-853e-64ee867bb3b4
1c36c8de-b03a-4260-97aa-ba062293dcc3,Miranda Tweed Skirt Fit Sample,"{'default': None, 'original': None, 'meta': {}}",7c9e130b-8920-4914-853e-64ee867bb3b4
bd8bf126-6114-42ce-bc20-3b66543c722c,Ceres Baby Pink Ruched Long Gloves,"{'default': None, 'original': None, 'meta': {}}",7c9e130b-8920-4914-853e-64ee867bb3b4
baf956e5-1768-483e-b2d7-6cc1a58a6161,Daisy Blue Embroidered Underbust Corset Belt,"{'default': None, 'original': None, 'meta': {}}",7c9e130b-8920-4914-853e-64ee867bb3b4
d41ef96e-6c97-4ddb-bfa2-5a6408615fb9,Zireen White Waterfall Pants,"{'default': None, 'original': None, 'meta': {}}",7c9e130b-8920-4914-853e-64ee867bb3b4
e2180f0a-76e0-4c83-8e90-77c553423a86,Corelle Tan Faux Leather Belt,"{'default': None, 'original': None, 'meta': {}}",7c9e130b-8920-4914-853e-64ee867bb3b4
f9dcda1a-f291-4ecb-b044-3be4c6c3b37f,Antonella Pink Pearl Embroidered Gloves,"{'default': None, 'original': None, 'meta': {}}",7c9e130b-8920-4914-853e-64ee867bb3b4
0a95692c-ef02-4dd6-bc51-959c28931dae,Netra Sapphire Embroidered Mermaid Lehenga Set,"{'default': None, 'original': None, 'meta': {}}",7c9e130b-8920-4914-853e-64ee867bb3b4
0c22f267-7449-4999-a998-6821b5203168,Cassidy Lavender Corset Belt,"{'default': None, 'original': None, 'meta': {}}",7c9e130b-8920-4914-853e-64ee867bb3b4
539bf615-518a-48e4-8a8b-5067a5224cb4,Lea OG Box,"{'default': None, 'original': None, 'meta': {}}",7c9e130b-8920-4914-853e-64ee867bb3b4
b8589b22-556e-4e3a-972f-0675bce86485,Diwali Box,"{'default': None, 'original': None, 'meta': {}}",7c9e130b-8920-4914-853e-64ee867bb3b4
9d995c23-21b7-4993-97a8-a13d25559f5d,Beatrice Pink Floral Embroidered Detachable Sleeves,"{'default': None, 'original': None, 'meta': {}}",7c9e130b-8920-4914-853e-64ee867bb3b4
b61f3a38-2d3c-4887-a9cc-aa528e241220,Aazina Blush Pink Pre-Stitched Saree,"{'default': None, 'original': None, 'meta': {}}",7c9e130b-8920-4914-853e-64ee867bb3b4
cba7ffe5-47ab-478a-800b-0965bccb89ae,Brunch Blues,"{'default': None, 'original': None, 'meta': {}}",7c9e130b-8920-4914-853e-64ee867bb3b4
0c201585-d7af-404c-ad79-a2a6ca8e080e,Pariza Lavender Satin + Organza Saree Set,"{'default': None, 'original': None, 'meta': {}}",7c9e130b-8920-4914-853e-64ee867bb3b4
a78eba53-127a-4bfa-9327-0dda89bcde02,Leila Long Mesh Sleeve Hand Embroidered Corset Blouse,"{'default': None, 'original': None, 'meta': {}}",7c9e130b-8920-4914-853e-64ee867bb3b4
347ad3a8-d275-4833-8989-902078c7028e,Kiyana Baby Pink Pearl Tulle Lehenga Set,"{'default': None, 'original': None, 'meta': {}}",7c9e130b-8920-4914-853e-64ee867bb3b4
f579df27-0644-48ad-ab3a-35e6e80b77bf,Diya Blush Hand-Embroidered Draped Saree Set,"{'default': None, 'original': None, 'meta': {}}",7c9e130b-8920-4914-853e-64ee867bb3b4
ba666467-9db4-458f-8eda-393c821b92a2,Kaira Red Satin Corset Blouse,"{'default': None, 'original': None, 'meta': {}}",7c9e130b-8920-4914-853e-64ee867bb3b4
f50f3416-444e-45d4-bcdc-d92f73538116,Leila Puff Organza Sleeve Hand Embroidered Corset Blouse,"{'default': None, 'original': None, 'meta': {}}",7c9e130b-8920-4914-853e-64ee867bb3b4
2444b33d-5c7d-48ff-90de-9387805d5af2,"Saanvi, Sana, and Samiha Yellow Coord Set","{'default': None, 'original': None, 'meta': {}}",7c9e130b-8920-4914-853e-64ee867bb3b4
4ad41df8-e7f0-4fc0-a448-a4103e4994a1,Zahira Pearl Embroidered Corset Blouse,"{'default': None, 'original': None, 'meta': {}}",7c9e130b-8920-4914-853e-64ee867bb3b4
777ac6b0-43e6-4f67-bc71-8aafd305a5d4,Anvi Pink Watercolor Print Coord Set,"{'default': None, 'original': None, 'meta': {}}",7c9e130b-8920-4914-853e-64ee867bb3b4
98e1c29f-2d1b-4ec0-9f88-3dd7fc923f16,Nitara Sage Green Hand-Embroidered Blouse,"{'default': None, 'original': None, 'meta': {}}",7c9e130b-8920-4914-853e-64ee867bb3b4
5277810b-5e2f-4393-a16a-c55cc5907281,Haniya White+Gold Banarasi Pre-Stiched Saree Set,"{'default': None, 'original': None, 'meta': {}}",7c9e130b-8920-4914-853e-64ee867bb3b4
a92d194d-18cc-4b00-9992-988e1e9cb01b,Dania Plum Chiffon Pre- Draped Saree Set,"{'default': None, 'original': None, 'meta': {}}",7c9e130b-8920-4914-853e-64ee867bb3b4
9d567762-9f1f-4439-800c-3c3884509336,Riana Baby Blue Mermaid Hand-Embroidered Lehenga,"{'default': None, 'original': None, 'meta': {}}",7c9e130b-8920-4914-853e-64ee867bb3b4
77dbe2a6-fe03-462e-bbe8-bb9e6fad2a07,Ameerah Lavender Embroidered Saree Set,"{'default': None, 'original': None, 'meta': {}}",7c9e130b-8920-4914-853e-64ee867bb3b4
d85fd0e2-16e3-462f-a939-95d01d8abcda,Noor Mauve Ruffle Organza Corset Blouse,"{'default': None, 'original': None, 'meta': {}}",7c9e130b-8920-4914-853e-64ee867bb3b4
9f6f1f08-9932-48a5-8591-1799d077e1e2,Zaida Gold Banarasi Pre-Draped Saree Set,"{'default': None, 'original': None, 'meta': {}}",7c9e130b-8920-4914-853e-64ee867bb3b4
a904285c-047a-403c-8f22-873de2673724,Siham Blush Pink Floral Corset Pre-Stitched Saree,"{'default': None, 'original': None, 'meta': {}}",7c9e130b-8920-4914-853e-64ee867bb3b4
2e0a8268-bea3-4c1a-ac87-f0a570abcc3b,Zuri White Embroidered Cut-Out Back Blouse,"{'default': None, 'original': None, 'meta': {}}",7c9e130b-8920-4914-853e-64ee867bb3b4
4cf2c08b-ee38-4889-9252-3e1ff68a3954,Zara Brown Metallic Pre-Draped Saree Set,"{'default': None, 'original': None, 'meta': {}}",7c9e130b-8920-4914-853e-64ee867bb3b4
2134a3e5-c5da-4cc4-9bea-5fa141c1d4f7,Kanza Black and Gold Pre-Stiched Saree,"{'default': None, 'original': None, 'meta': {}}",7c9e130b-8920-4914-853e-64ee867bb3b4
e3672690-7934-4eea-8bc8-33ae4e6a24ae,Kamya Blue Flower Embroidery Coord Set,"{'default': None, 'original': None, 'meta': {}}",7c9e130b-8920-4914-853e-64ee867bb3b4
2618f785-2698-47d2-a94e-10ea57e99ae4,Sumaira White Embroidered Corset Set,"{'default': None, 'original': None, 'meta': {}}",7c9e130b-8920-4914-853e-64ee867bb3b4
f7fa7f91-8ff6-46e7-b116-f6ccd07857f1,Misriyyah Orange Corset Set,"{'default': None, 'original': None, 'meta': {}}",7c9e130b-8920-4914-853e-64ee867bb3b4
1c274a1f-36b6-4c4c-9b6c-e00b3c0edeeb,Ila Emerald Embroidered Corset Blouse,"{'default': None, 'original': None, 'meta': {}}",7c9e130b-8920-4914-853e-64ee867bb3b4
2a6ecc87-906c-4dd7-81a5-a4dfeb70deb9,Zaitra Emerald Green Sequin Lehenga,"{'default': None, 'original': None, 'meta': {}}",7c9e130b-8920-4914-853e-64ee867bb3b4
3e4c217a-ddf3-4cb0-bc3d-784cbdad90cb,Tasmeekh Lavender And Orange Embroidered Lehenga Set,"{'default': None, 'original': None, 'meta': {}}",7c9e130b-8920-4914-853e-64ee867bb3b4
4c97af08-1ab2-40a7-9c84-258623ceeb98,Suhaila Gold Tissue Pre-Draped Saree Set,"{'default': None, 'original': None, 'meta': {}}",7c9e130b-8920-4914-853e-64ee867bb3b4
bde734c6-fe37-45e9-b841-a316434e0b6f,Misha Baby Pink Satin Coord Set with Lavender Embroidered Cape,"{'default': None, 'original': None, 'meta': {}}",7c9e130b-8920-4914-853e-64ee867bb3b4
dc5e5857-54c4-4e41-8041-33acf1f8fa33,Pankhuri Baby Pink Embellished Mermaid Lehenga Set,"{'default': None, 'original': None, 'meta': {}}",7c9e130b-8920-4914-853e-64ee867bb3b4
c5a15066-7d56-4cdf-bc4f-e418eaab8175,Sayeda Lavender 3-D Floral Embroidered Lehenga Set,"{'default': None, 'original': None, 'meta': {}}",7c9e130b-8920-4914-853e-64ee867bb3b4
c42f073f-37dd-4893-a9e3-daa0b5f70f5f,Zulaikha Buff Orange Embroidered Sharara Set,"{'default': None, 'original': None, 'meta': {}}",7c9e130b-8920-4914-853e-64ee867bb3b4
62ae895f-a976-43cb-b837-d9359820c326,Mina and Idika Rose Gold Silk Jacquard Kali Lehenga Set,"{'default': None, 'original': None, 'meta': {}}",7c9e130b-8920-4914-853e-64ee867bb3b4
1be2522e-315b-4ac6-b158-7de51b6d7e8f,Saira Brown Embroidered Corset Lehenga Set,"{'default': None, 'original': None, 'meta': {}}",7c9e130b-8920-4914-853e-64ee867bb3b4
c15f8af5-2b09-47ea-975f-0eef4fd8b2e6,Nysa Mauve Pearl Tulle Lehenga,"{'default': None, 'original': None, 'meta': {}}",7c9e130b-8920-4914-853e-64ee867bb3b4
485cf733-e684-4f34-bad2-03388c007ea9,Zeenat Dark Green Heavy Embellished Lehenga,"{'default': None, 'original': None, 'meta': {}}",7c9e130b-8920-4914-853e-64ee867bb3b4
54eacd3f-9a43-4e51-99ec-3f936b781454,Yashika and Vanya Sage Green Hand-Embroidered Lehenga Set,"{'default': None, 'original': None, 'meta': {}}",7c9e130b-8920-4914-853e-64ee867bb3b4
28e140ed-00ce-41bd-b69e-3878ea5d1151,Ahaana Pink Floral Embroidered Lehenga,"{'default': None, 'original': None, 'meta': {}}",7c9e130b-8920-4914-853e-64ee867bb3b4
19fd1c96-ff1a-4d06-ab96-aa1ec7d3d3c5,Jasmine Powder Blue Satin and Shimmer Chiffon Lehenga Set,"{'default': None, 'original': None, 'meta': {}}",7c9e130b-8920-4914-853e-64ee867bb3b4
82bb7208-169c-4b56-9d67-b0c944e55b1c,Tazmeen and Shazana Hand Embroidered Ombré Lehenga Set,"{'default': None, 'original': None, 'meta': {}}",7c9e130b-8920-4914-853e-64ee867bb3b4
0a5c35a1-3ca4-441f-ae55-b135e42a9d85,Lara Baby Pink Pearl Embellished Lehenga,"{'default': None, 'original': None, 'meta': {}}",7c9e130b-8920-4914-853e-64ee867bb3b4
f3a02f9d-6595-4715-922f-4477352c696b,Prisha Stone Work Satin Lehenga,"{'default': None, 'original': None, 'meta': {}}",7c9e130b-8920-4914-853e-64ee867bb3b4
f70b50d6-2594-4a93-b22c-e2f0d6aef9f3,Sumona Gold Dual Shade Embroidered Lehenga Set,"{'default': None, 'original': None, 'meta': {}}",7c9e130b-8920-4914-853e-64ee867bb3b4
3018b673-0a8a-40c4-99d4-eef12c67630b,Aavani Gold Floral Embroidered Lehenga with Twisted Dupatta,"{'default': None, 'original': None, 'meta': {}}",7c9e130b-8920-4914-853e-64ee867bb3b4
49def3f8-106b-440c-818a-525a9620c178,Meera Teal Embroidered Lehenga Set,"{'default': None, 'original': None, 'meta': {}}",7c9e130b-8920-4914-853e-64ee867bb3b4
9e398c01-48f2-4984-96a3-4f5cae7463e4,Nazm Sapphire Pearl Hand-Embroidered Saree Gown Set,"{'default': None, 'original': None, 'meta': {}}",7c9e130b-8920-4914-853e-64ee867bb3b4
0262e620-137d-4200-b783-a665ef741c40,Shabnam Brown Embroidered Lehenga Set,"{'default': None, 'original': None, 'meta': {}}",7c9e130b-8920-4914-853e-64ee867bb3b4
4e2641d0-9bb5-4743-b1d5-e473c3167411,Sifat White Pearl Embroidered Lehenga Set,"{'default': None, 'original': None, 'meta': {}}",7c9e130b-8920-4914-853e-64ee867bb3b4
710ab5f2-2ce6-4e52-9ccb-2610f8925f85,Adishri Peach Halter-Neck Embroidered Lehenga,"{'default': None, 'original': None, 'meta': {}}",7c9e130b-8920-4914-853e-64ee867bb3b4
d70c5caf-01a0-45f0-aa88-1fd7cc230e3c,Oorja Golden Satin Organza Lehenga Set,"{'default': None, 'original': None, 'meta': {}}",7c9e130b-8920-4914-853e-64ee867bb3b4
a2a11e20-d777-4c1c-8aff-861e196b78f5,Netra Gold Embroidered Mermaid Lehenga Set Fit Sample,"{'default': None, 'original': None, 'meta': {}}",7c9e130b-8920-4914-853e-64ee867bb3b4
48f21761-b4b8-4552-8ba3-b29ffdbc9f54,Mehr Rose Gold Organza Waterfall Lehenga,"{'default': None, 'original': None, 'meta': {}}",7c9e130b-8920-4914-853e-64ee867bb3b4
c2a36d6b-b45d-4a1d-9d7f-ea998c0b1076,Vedika Baby Pink Rhinestone Embellished Saree,"{'default': None, 'original': None, 'meta': {}}",7c9e130b-8920-4914-853e-64ee867bb3b4
9062a079-7c67-462c-8d3d-62b62e26ca5b,Inayat Hand-Embroidered Apricot Saree Set,"{'default': None, 'original': None, 'meta': {}}",7c9e130b-8920-4914-853e-64ee867bb3b4
d8b5a9bc-b4cc-451b-9122-53ed49347703,Nohreen and Noora Lavender Embroidered Sequin Lehenga Set,"{'default': None, 'original': None, 'meta': {}}",7c9e130b-8920-4914-853e-64ee867bb3b4
92aff324-bef5-4c27-bd59-01b4746bf14e,Aalia Champagne Wrap Pre-Stitched Saree,"{'default': None, 'original': None, 'meta': {}}",7c9e130b-8920-4914-853e-64ee867bb3b4
d9edb7ca-217b-4cdc-8d2a-f7c80b1d44a2,Aarna White Embroidered Organza Pre-Stitched Saree,"{'default': None, 'original': None, 'meta': {}}",7c9e130b-8920-4914-853e-64ee867bb3b4
64a77d55-af5a-4ff7-bfae-b0559d28a464,Fida Black Corset Blouse and Saree Set,"{'default': None, 'original': None, 'meta': {}}",7c9e130b-8920-4914-853e-64ee867bb3b4
d095f572-cebd-42e5-ad26-2e33b0b6e33c,Zaalima Brown Shimmer Pre-Draped Saree,"{'default': None, 'original': None, 'meta': {}}",7c9e130b-8920-4914-853e-64ee867bb3b4
cc8a8a46-6c0e-4eac-bb9a-cfb575c5231d,Humaida Maroon Shimmer Pre- Draped Saree Set,"{'default': None, 'original': None, 'meta': {}}",7c9e130b-8920-4914-853e-64ee867bb3b4
5a681a01-77ef-47f2-92ed-f75075246da1,Arshia Blush Pink Hand-Embroidered Saree Set,"{'default': None, 'original': None, 'meta': {}}",7c9e130b-8920-4914-853e-64ee867bb3b4
d4f3c251-a153-47b9-a35e-7796dc1855fb,Zaina Rose-Gold Metallic Georgette Draped Saree,"{'default': None, 'original': None, 'meta': {}}",7c9e130b-8920-4914-853e-64ee867bb3b4
86fb0b6a-fa15-4025-889b-def45fe0b737,Aiza Red Floral Embroidered Pre-Stitched Saree,"{'default': None, 'original': None, 'meta': {}}",7c9e130b-8920-4914-853e-64ee867bb3b4
90aa0919-75c7-4a51-893b-061546224be8,Kalini Emerald Green Floral Embroidered Saree,"{'default': None, 'original': None, 'meta': {}}",7c9e130b-8920-4914-853e-64ee867bb3b4
ad5a5618-1826-43bd-aa72-b55aa3f70eae,Abira Sage Green Satin Pre-Stitched Saree,"{'default': None, 'original': None, 'meta': {}}",7c9e130b-8920-4914-853e-64ee867bb3b4
5a243db3-e0e6-471b-a002-fbf3bb6f2d2b,Abira Sapphire Satin Pre-Stitched Saree,"{'default': None, 'original': None, 'meta': {}}",7c9e130b-8920-4914-853e-64ee867bb3b4
3fc67558-fc7c-4ff2-a78e-9298b033fe2d,Amber Ready-to-Wear Shimmer Organza Saree Set,"{'default': None, 'original': None, 'meta': {}}",7c9e130b-8920-4914-853e-64ee867bb3b4
2c55cf21-c72a-420f-a7b2-80c6f0f683b5,Aafdah White Pearl Embellished Saree,"{'default': None, 'original': None, 'meta': {}}",7c9e130b-8920-4914-853e-64ee867bb3b4
5b7d3042-f71c-41e6-9eb9-7beab4f36db0,Mahima White Pearl Embroidered Saree,"{'default': None, 'original': None, 'meta': {}}",7c9e130b-8920-4914-853e-64ee867bb3b4
ce77142b-811b-49a3-89c7-13388e1d6dd7,Sarika Pink Flower Embroidery Pre- Draped Saree Set,"{'default': None, 'original': None, 'meta': {}}",7c9e130b-8920-4914-853e-64ee867bb3b4
6bf10a7b-5588-4777-b6fa-a44b0fd6fd0c,Imanat Black Embellished Pre-Draped Saree,"{'default': None, 'original': None, 'meta': {}}",7c9e130b-8920-4914-853e-64ee867bb3b4
a0201843-f048-45cf-af68-3dfacfde2b14,Yasmika and Aimiah Floral Organza Pre-Stitched Saree and Blouse,"{'default': None, 'original': None, 'meta': {}}",7c9e130b-8920-4914-853e-64ee867bb3b4
9bf1267b-db1f-411f-94c9-e77fffb43311,Natasha Multi-colour Floral Embroidered Saree,"{'default': None, 'original': None, 'meta': {}}",7c9e130b-8920-4914-853e-64ee867bb3b4
e5f59fe9-042c-44d2-9df4-adcd10913811,Niyati Blush Pink Embellished Saree,"{'default': None, 'original': None, 'meta': {}}",7c9e130b-8920-4914-853e-64ee867bb3b4
55e5df16-ab3b-4434-bef5-15b10f360509,Laetitia Floral Embroidered Pre-Stitched Saree,"{'default': None, 'original': None, 'meta': {}}",7c9e130b-8920-4914-853e-64ee867bb3b4
071d0b62-0226-4f83-89a5-1f7606523eb4,Dhriti Lavender Pleated Saree,"{'default': None, 'original': None, 'meta': {}}",7c9e130b-8920-4914-853e-64ee867bb3b4
b71486ee-0135-4287-b816-3840384646e8,Pihu Mauve Shimmer Pre-Draped Saree Set,"{'default': None, 'original': None, 'meta': {}}",7c9e130b-8920-4914-853e-64ee867bb3b4
369f4904-d51d-4ad6-b431-5c8943660f1c,Dyuti Gold Shimmer Pre-Draped Saree Gown,"{'default': None, 'original': None, 'meta': {}}",7c9e130b-8920-4914-853e-64ee867bb3b4
5de3d8f8-b809-4690-934a-2e2d066f9951,Aartika Off-White Embroidered Saree,"{'default': None, 'original': None, 'meta': {}}",7c9e130b-8920-4914-853e-64ee867bb3b4
6ac70317-ced3-41c1-b751-ef1cf861f273,Heer Lavender Embroidered Pre-Draped Saree,"{'default': None, 'original': None, 'meta': {}}",7c9e130b-8920-4914-853e-64ee867bb3b4
98b1d8c7-d6f0-407f-b86a-cde33dbd0470,Qiana Pink 3D Flower Embroidered Saree Set,"{'default': None, 'original': None, 'meta': {}}",7c9e130b-8920-4914-853e-64ee867bb3b4
0861dcba-a178-41ab-af51-b5bde1f4a85c,Humaida Black Shimmer Pre- Draped Saree Set,"{'default': None, 'original': None, 'meta': {}}",7c9e130b-8920-4914-853e-64ee867bb3b4
9bb3f4f5-a19f-4174-9548-ca19badcf444,Trisha White Pink Floral Embroidered Half Saree,"{'default': None, 'original': None, 'meta': {}}",7c9e130b-8920-4914-853e-64ee867bb3b4
3e4426e0-342c-4584-a5b6-f60d8dd36357,Shereen Black and Embroidered Pre-Draped Saree Set,"{'default': None, 'original': None, 'meta': {}}",7c9e130b-8920-4914-853e-64ee867bb3b4
3ffe3d19-9497-40ff-bf59-362e86189b01,Yazrin Purple Ombre Satin Pre- Draped Saree Set,"{'default': None, 'original': None, 'meta': {}}",7c9e130b-8920-4914-853e-64ee867bb3b4
651849c4-1d1d-4703-8aed-c6d8489042fc,Aasira Baby Blue Ruffle Organza Pre-Stiched Saree,"{'default': None, 'original': None, 'meta': {}}",7c9e130b-8920-4914-853e-64ee867bb3b4
678c3b68-b7ab-49fb-b9ad-883f604dee55,Nakhat Sage Green 3D Flower Embroidered Sleeveless Sharara Set,"{'default': None, 'original': None, 'meta': {}}",7c9e130b-8920-4914-853e-64ee867bb3b4
7b335239-2ce5-4df7-b125-443c6e7d8a82,Raaya Baby Blue Hand-Embroidered Sleeveless Suit,"{'default': None, 'original': None, 'meta': {}}",7c9e130b-8920-4914-853e-64ee867bb3b4
81da8f22-adc6-4882-8867-f2c897e509a0,Aarya Sage Green Embroidered Georgette Kurta Set,"{'default': None, 'original': None, 'meta': {}}",7c9e130b-8920-4914-853e-64ee867bb3b4
8fc72c31-781f-436c-99c3-eeb9881d7811,Janaki Champagne Pearl Embroidered Sharara Set,"{'default': None, 'original': None, 'meta': {}}",7c9e130b-8920-4914-853e-64ee867bb3b4
4ecd46cf-ae7c-44c9-9f8c-0877d4060d2e,Sadida Lavender Floral Embroidered Kurta Set,"{'default': None, 'original': None, 'meta': {}}",7c9e130b-8920-4914-853e-64ee867bb3b4
d118ed25-f671-4a2a-bb27-056283d17c36,Shimaz Sage Green Sleeveless Suit,"{'default': None, 'original': None, 'meta': {}}",7c9e130b-8920-4914-853e-64ee867bb3b4
9af3944e-dfd4-4293-9e4c-7ec40f1e1130,Sajoon White Organza Chikankari Corset Anarkali Suit Set,"{'default': None, 'original': None, 'meta': {}}",7c9e130b-8920-4914-853e-64ee867bb3b4
ea8fbb0f-1b1f-4621-9dca-75936d4f23d8,Fariha Yellow Embroidered Corset Anarkali Suit Set,"{'default': None, 'original': None, 'meta': {}}",7c9e130b-8920-4914-853e-64ee867bb3b4
528f225a-3b9f-4bdc-9be6-a78735095ed8,Gul Floral Printed Organza Wrap Kurta Set,"{'default': None, 'original': None, 'meta': {}}",7c9e130b-8920-4914-853e-64ee867bb3b4
b8b6ea43-6663-4798-a4a6-fcd9133c81d7,Kasvi Yellow Embroidered Organza Anarkali with Churidar,"{'default': None, 'original': None, 'meta': {}}",7c9e130b-8920-4914-853e-64ee867bb3b4
609365c8-673e-45c7-b2b3-f9e9eec5c8ca,Chanda Yellow Embroidered Kurta Set,"{'default': None, 'original': None, 'meta': {}}",7c9e130b-8920-4914-853e-64ee867bb3b4
db14ff15-e64c-4069-8c7d-cd01e1d689b1,Zayra Pink Floral Print Embellished Straight Kurta Set,"{'default': None, 'original': None, 'meta': {}}",7c9e130b-8920-4914-853e-64ee867bb3b4
65cbd165-3fec-4063-9509-f24b872a4f05,Reeva and Zeel Red Hand-Embroidered Kurta Set,"{'default': None, 'original': None, 'meta': {}}",7c9e130b-8920-4914-853e-64ee867bb3b4
2fc670fa-58be-4652-b52c-936b560b647c,Fariha Green Embroidered Corset Anarkali Suit Set,"{'default': None, 'original': None, 'meta': {}}",7c9e130b-8920-4914-853e-64ee867bb3b4
d510ced6-bcae-465d-bd29-c4cc50aadb76,Aarya Yellow Embroidered Georgette Kurta Set,"{'default': None, 'original': None, 'meta': {}}",7c9e130b-8920-4914-853e-64ee867bb3b4
fd5ad54c-3fb1-4a2e-a6ca-3b742347a399,Simran Sage Green Jacquard Kurta Set,"{'default': None, 'original': None, 'meta': {}}",7c9e130b-8920-4914-853e-64ee867bb3b4
d01fbc3b-21b8-4f3c-a192-81f157f5ed6a,Warhi Purple Organza Anarkali Set,"{'default': None, 'original': None, 'meta': {}}",7c9e130b-8920-4914-853e-64ee867bb3b4
7d7e27b4-b4d8-4715-92e2-8c5a27debc0d,Ira Pink Shimmer Embroidered Kurta Set,"{'default': None, 'original': None, 'meta': {}}",7c9e130b-8920-4914-853e-64ee867bb3b4
55c3ba7e-7da2-4a67-b596-e48bbd398380,Esra White Embroidered Organza Kurta Set,"{'default': None, 'original': None, 'meta': {}}",7c9e130b-8920-4914-853e-64ee867bb3b4
e2f88f3b-6952-46f2-891f-7df5378b0c36,Aayat Black Embroidered Multi-Way Sharara Set,"{'default': None, 'original': None, 'meta': {}}",7c9e130b-8920-4914-853e-64ee867bb3b4
ff6814bb-d895-4b90-b56d-f4e567b06cfb,Nafisa White Georgette Anarkali Set,"{'default': None, 'original': None, 'meta': {}}",7c9e130b-8920-4914-853e-64ee867bb3b4
745e27b7-0b46-4daa-a487-b78bbdeac474,Samira Gold Lace Organza Kurta Set,"{'default': None, 'original': None, 'meta': {}}",7c9e130b-8920-4914-853e-64ee867bb3b4
a83e560f-bb48-4fcf-b222-c1aa7c33d084,Nadira Champagne Hand-Embroidered Sharara Set,"{'default': None, 'original': None, 'meta': {}}",7c9e130b-8920-4914-853e-64ee867bb3b4
01e594af-4fdf-419d-a1f8-70095d52af01,Neysha Sage Green Hand Embroidered Sharara Set,"{'default': None, 'original': None, 'meta': {}}",7c9e130b-8920-4914-853e-64ee867bb3b4
a82d0cdf-81c7-40a2-8ffe-55187d7d1f22,Rehana Yellow Floral Embroidered Sharara Set,"{'default': None, 'original': None, 'meta': {}}",7c9e130b-8920-4914-853e-64ee867bb3b4
786ef75b-fa3f-4f5d-9155-ddf02df9ce02,Barkha Sky Blue Embroidered Organza Kurta Set,"{'default': None, 'original': None, 'meta': {}}",7c9e130b-8920-4914-853e-64ee867bb3b4
ddebcdfa-64c9-46a5-8ebe-114615f15c8e,Baani Off-White Embroidered Kurta Set,"{'default': None, 'original': None, 'meta': {}}",7c9e130b-8920-4914-853e-64ee867bb3b4
412464a5-3349-4754-ad6b-1de45e2c5a91,Nusra Sage Green Long Kurta Set,"{'default': None, 'original': None, 'meta': {}}",7c9e130b-8920-4914-853e-64ee867bb3b4
2b295748-0f54-4d1d-858a-c28597d3d6f9,Saabat Pink Ombre Floral Embroidered Sharara Set,"{'default': None, 'original': None, 'meta': {}}",7c9e130b-8920-4914-853e-64ee867bb3b4
0c0b52a4-eed8-4df3-9cd5-0fd5895caa71,Nakhat Pink 3D Flower Embroidered Sleeveless Sharara Set,"{'default': None, 'original': None, 'meta': {}}",7c9e130b-8920-4914-853e-64ee867bb3b4
c0706502-29b8-4386-88ef-ba10ead6b1d4,Shimaz White Sleeveless Kurta Set,"{'default': None, 'original': None, 'meta': {}}",7c9e130b-8920-4914-853e-64ee867bb3b4
238301c6-f575-45e2-a03d-9edd7dd7d64c,Aarya White Embroidered Georgette Kurta Set,"{'default': None, 'original': None, 'meta': {}}",7c9e130b-8920-4914-853e-64ee867bb3b4
089cb633-5a70-4736-9fba-09e481028498,Aamina Pastel Peach Chanderi Kurta Set,"{'default': None, 'original': None, 'meta': {}}",7c9e130b-8920-4914-853e-64ee867bb3b4
5ecbef82-3c5e-4ded-adf7-15609f7cc132,Gulbaano Light Pink Embroidered Sleeveless Kurta Set,"{'default': None, 'original': None, 'meta': {}}",7c9e130b-8920-4914-853e-64ee867bb3b4
c3d9ffd8-fdce-446c-b2b0-ce3d06d6a510,Shahida Yellow+Blush Chanderi Kurta Set,"{'default': None, 'original': None, 'meta': {}}",7c9e130b-8920-4914-853e-64ee867bb3b4
4036f7d5-6dca-46c9-86b7-03314a51b4dd,Sidra Baby Pink Chikankari Pre-Stiched Saree,"{'default': None, 'original': None, 'meta': {}}",7c9e130b-8920-4914-853e-64ee867bb3b4
eae5deb5-a896-4b61-a057-6b19fb6f3e61,Adara Pastel Green Chanderi Sharara Set,"{'default': None, 'original': None, 'meta': {}}",7c9e130b-8920-4914-853e-64ee867bb3b4
8a3ddeeb-1ad4-40c3-9aa4-34855004797f,Qadira White Organza Floral Kurta Set,"{'default': None, 'original': None, 'meta': {}}",7c9e130b-8920-4914-853e-64ee867bb3b4
c1fb6166-0fed-4a54-a5db-2fbb201ff4e1,Raaya Baby Pink Hand-Embroidered Sleeveless Kurta Set,"{'default': None, 'original': None, 'meta': {}}",7c9e130b-8920-4914-853e-64ee867bb3b4
17d4771f-4140-4976-b1df-6e845f55982d,Rati Pastel Green Georgette Straight Kurta Set,"{'default': None, 'original': None, 'meta': {}}",7c9e130b-8920-4914-853e-64ee867bb3b4
62c087fe-57f3-4591-81a1-6d0ac0ea1504,Shaiza White Chikankari Kurta Set,"{'default': None, 'original': None, 'meta': {}}",7c9e130b-8920-4914-853e-64ee867bb3b4
61a02a3a-408c-48e6-a567-4e3c78233d9b,Shafika Baby Blue Georgette Pakistani Style Kurta,"{'default': None, 'original': None, 'meta': {}}",7c9e130b-8920-4914-853e-64ee867bb3b4
437084f2-9c42-4c34-8579-3279671ed897,Claire Blush Velvet Rhinestone Coord Set,"{'default': None, 'original': None, 'meta': {}}",7c9e130b-8920-4914-853e-64ee867bb3b4
8c2b8a36-41d8-4afb-9f95-c31c8cfac31c,Pariza Baby Pink Satin + Organza Saree Set,"{'default': None, 'original': None, 'meta': {}}",7c9e130b-8920-4914-853e-64ee867bb3b4
e687c703-f66d-4965-a314-75e983651167,Nyra Gold Embroidered Feather Lehenga Set,"{'default': None, 'original': None, 'meta': {}}",7c9e130b-8920-4914-853e-64ee867bb3b4
ffb49a5f-09ca-494e-9505-a125602fa82b,Galina Pink Vintage Print Corset Top & Heart-Cutout Pants,"{'default': None, 'original': None, 'meta': {}}",7c9e130b-8920-4914-853e-64ee867bb3b4
5e4909d2-7116-4620-bae3-704164d96ad5,Kaira White 3-D Floral Corset Blouse,"{'default': None, 'original': None, 'meta': {}}",7c9e130b-8920-4914-853e-64ee867bb3b4
